STOCKCODE,BARCODE,DESCRIPTION,PRICE,PRICEINC,PRICE2,PRICEINC2,PRICE3,PRICEINC3,UNITCOST,DEPARTMENT,CATEGORY,STOCKONHAND,SUPPLIER
SBC,1,SINGLE BATTERY CHARGER,50,50,0,0,0,0,25.00,Default,BATTERIES,0,Default Supplier
AABT,2,AA NORMAL BATTERY,25,25,0,0,0,0,17.00,Default,BATTERIES,3,Default Supplier
AAABT,3,AAA NORMAL BATTERY,25,25,0,0,0,0,17.00,Default,BATTERIES,1,Default Supplier
RECAA,4,AA RECHARGABLE BATTERY,60,60,0,0,0,0,30.00,Default,BATTERIES,3,Default Supplier
RECAAA,5,AAA RECHARGABLE BATTERY,60,60,0,0,0,0,40.00,Default,BATTERIES,3,Default Supplier
BATC,6,BATTERY CHARGER,200,200,0,0,0,0,100.00,Default,BATTERIES,0,Default Supplier
9VBT,7,9V BATTERY,60,60,0,0,0,0,25.00,Default,BATTERIES,1,Default Supplier
BUBAT,8,BUTTON BATTERY,15,15,0,0,0,0,3.00,Default,BATTERIES,262,Default Supplier
PHC,9,PHONE COVER  NORMAL,100,100,0,0,0,0,30.00,Default,CELLPHONE ACCESSORIES,118,Default Supplier
PHF,10,FLIP PHONE COVER,150,150,0,0,0,0,50.00,Default,CELLPHONE ACCESSORIES,25,Default Supplier
GL60,11,GLASS PROTECTOR NORMAL,50,50,0,0,0,0,10.00,Default,CELLPHONE ACCESSORIES,6,Default Supplier
GL100,12,GLASS PROTECTOR FULL HD,100,100,0,0,0,0,20.00,Default,CELLPHONE ACCESSORIES,164,Default Supplier
GL150,13,GLASS PROTECTOR PRIVACY,120,120,0,0,0,0,30.00,Default,CELLPHONE ACCESSORIES,30,Default Supplier
C70,14,C TYPE 70 CABLE,70,70,0,0,0,0,10.00,Default,CELLPHONE ACCESSORIES,5,Default Supplier
C100,15,C TYPE 100 CABLE,100,100,0,0,0,0,50.00,Default,CELLPHONE ACCESSORIES,10,Default Supplier
C150,16,C TYPE 150 CABLE,150,150,0,0,0,0,60.00,Default,CELLPHONE ACCESSORIES,0,Default Supplier
M50,17,MICRO 50 CABLE,50,50,0,0,0,0,10.00,Default,CELLPHONE ACCESSORIES,0,Default Supplier
M70,18,MICRO 70 CABLE,70,70,0,0,0,0,20.00,Default,CELLPHONE ACCESSORIES,4,Default Supplier
M100,19,MICRO 100 CABLE,100,100,0,0,0,0,22.00,Default,CELLPHONE ACCESSORIES,2,Default Supplier
FADP,20,FAST CHARGER ADAPTOR,75,75,0,0,0,0,30.00,Default,CELLPHONE ACCESSORIES,3,Default Supplier
CADP25W,21,C TYPE ADAPTOR 25 W,150,150,0,0,0,0,50.00,Default,CELLPHONE ACCESSORIES,5,Default Supplier
HD2AV,22,HDMI TO AVI  CONVERTOR,200,200,0,0,0,0,100.00,Default,COMPUTER ACCESSORIES,1,Default Supplier
AV2HD,23,AVI TO HDMI CONVERTOR,200,200,0,0,0,0,100.00,Default,COMPUTER ACCESSORIES,2,Default Supplier
VG2HD,24,VGA TO HDMI CONVERTOR,200,200,0,0,0,0,100.00,Default,COMPUTER ACCESSORIES,3,Default Supplier
HD2VG,25,HDMI TO VGA CONVERTOR,200,200,0,0,0,0,100.00,Default,COMPUTER ACCESSORIES,4,Default Supplier
HP600,26,HEAD PHONE 600,600,600,0,0,0,0,350.00,Default,CELLPHONE ACCESSORIES,0,Default Supplier
HP50,27,HEAD PHONE 500,500,500,0,0,0,0,250.00,Default,CELLPHONE ACCESSORIES,0,Default Supplier
HP450,28,HEAD PHONE 450,450,450,0,0,0,0,250.00,Default,CELLPHONE ACCESSORIES,0,Default Supplier
HP300,29,HEAD PHONE 300,300,300,0,0,0,0,180.00,Default,CELLPHONE ACCESSORIES,2,Default Supplier
HP250,30,HEAD PHONE 250,250,250,0,0,0,0,160.00,Default,CELLPHONE ACCESSORIES,1,Default Supplier
HP200,31,HEAD PHONE 200,200,200,0,0,0,0,70.00,Default,CELLPHONE ACCESSORIES,0,Default Supplier
HP150,32,HEAD PHONE 150,150,150,0,0,0,0,70.00,Default,CELLPHONE ACCESSORIES,0,Default Supplier
PB40000,33,POWER BANK 40000,750,750,0,0,0,0,0.00,Default,BATTERIES,0,Default Supplier
PB30000,34,POWER BANK 30000,650,650,0,0,0,0,0.00,Default,BATTERIES,0,Default Supplier
PB20000,35,POWER BANK 20000,350,350,0,0,0,0,250.00,Default,BATTERIES,2,Default Supplier
PB10000,36,POWER BANK 10000,350,350,0,0,0,0,250.00,Default,BATTERIES,2,Default Supplier
PB5000,37,POWER BANK 5000,300,300,0,0,0,0,200.00,Default,BATTERIES,0,Default Supplier
PB2500,38,POWER BANK 2500,150,150,0,0,0,0,80.00,Default,BATTERIES,0,Default Supplier
SWC,39,SMART WATCH CHARGER,100,100,0,0,0,0,50.00,Default,GENERAL ACCESSORIES,9,Default Supplier
SW650,40,SMART WATCH 650,650,650,0,0,0,0,450.00,Default,GENERAL ACCESSORIES,1,Default Supplier
SW550,41,SMART WATCH 550,550,550,0,0,0,0,350.00,Default,GENERAL ACCESSORIES,0,Default Supplier
SW450,42,SMART WATCH 450,450,450,0,0,0,0,240.00,Default,GENERAL ACCESSORIES,1,Default Supplier
SW300,43,SMART WATCH 300,300,300,0,0,0,0,200.00,Default,GENERAL ACCESSORIES,0,Default Supplier
SW200,44,SMART WATCH 200,200,200,0,0,0,0,100.00,Default,GENERAL ACCESSORIES,0,Default Supplier
EARP50,45,EAR PHONE 50,50,50,0,0,0,0,10.00,Default,CELLPHONE ACCESSORIES,0,Default Supplier
EARP70,46,EAR PHONE 70,70,70,0,0,0,0,25.00,Default,CELLPHONE ACCESSORIES,5,Default Supplier
EARP100,47,EAR PHONE 100,100,100,0,0,0,0,50.00,Default,CELLPHONE ACCESSORIES,7,Default Supplier
EARP150,48,EAR PHONE 150,150,150,0,0,0,0,80.00,Default,CELLPHONE ACCESSORIES,0,Default Supplier
EARBLSI,49,EAR PHONE SINGLE,120,120,0,0,0,0,50.00,Default,CELLPHONE ACCESSORIES,0,Default Supplier
APOD150,50,AIR POD 150,150,150,0,0,0,0,100.00,Default,CELLPHONE ACCESSORIES,6,Default Supplier
APOD200,51,AIR POD 200,200,200,0,0,0,0,100.00,Default,CELLPHONE ACCESSORIES,0,Default Supplier
APOD 300,52,AIR POD 300,300,300,0,0,0,0,170.00,Default,CELLPHONE ACCESSORIES,0,Default Supplier
APOD 350,53,AIR POD 350,350,350,0,0,0,0,250.00,Default,CELLPHONE ACCESSORIES,4,Default Supplier
APOD400,54,AIR POD 400,400,400,0,0,0,0,250.00,Default,CELLPHONE ACCESSORIES,0,Default Supplier
APOD 450,55,AIR POD 450,450,450,0,0,0,0,300.00,Default,CELLPHONE ACCESSORIES,3,Default Supplier
OTG50,56,OTG CABLE 50,50,50,0,0,0,0,30.00,Default,CELLPHONE ACCESSORIES,12,Default Supplier
OTG100,57,OTG CABLE 100,100,100,0,0,0,0,50.00,Default,CELLPHONE ACCESSORIES,3,Default Supplier
OTG150,58,OTG CABLE 150,150,150,0,0,0,0,85.00,Default,CELLPHONE ACCESSORIES,1,Default Supplier
ALLWC,59,WIRLESS CONTROLLER ALL IN 1,400,400,0,0,0,0,220.00,Default,COMPUTER ACCESSORIES,0,Default Supplier
PC,60,PC CONTROLLER,120,120,0,0,0,0,60.00,Default,COMPUTER ACCESSORIES,3,Default Supplier
PS3002,61,PS3 WIRLESS CONTROLLER,300,300,0,0,0,0,140.00,Default,COMPUTER ACCESSORIES,1,Default Supplier
PS3003,62,PS3 WIRED CONTROLLER,200,200,0,0,0,0,120.00,Default,COMPUTER ACCESSORIES,3,Default Supplier
PS3 ALL3,63,PS3 CONTROLLER WIRLESS  3 IN 1,300,300,0,0,0,0,140.00,Default,COMPUTER ACCESSORIES,0,Default Supplier
PS4001,64,PS4 WIRLESS CONTROLLER,700,700,0,0,0,0,280.00,Default,COMPUTER ACCESSORIES,2,Default Supplier
PS4002,65,PS4 WIRED CONTROLLER,500,500,0,0,0,0,350.00,Default,COMPUTER ACCESSORIES,0,Default Supplier
XBWL,66,XBOX WIRLESS CONTROLLER,700,700,0,0,0,0,450.00,Default,COMPUTER ACCESSORIES,0,Default Supplier
XB360,67,XBOX 360 CONTROLLER,400,400,0,0,0,0,250.00,Default,COMPUTER ACCESSORIES,1,Default Supplier
XBWR,68,XBOX WIRED CONTROLLER,500,500,0,0,0,0,0.00,Default,COMPUTER ACCESSORIES,0,Default Supplier
FCWC,69,FAST CHARGER WITH CABLE,150,150,0,0,0,0,50.00,Default,CELLPHONE ACCESSORIES,1,Default Supplier
CADP45W,70,C TYPE ADAPTOR 45W,200,200,0,0,0,0,90.00,Default,CELLPHONE ACCESSORIES,1,Default Supplier
CT45W,71,C TYPE CHARGER WITH CABLE  45 W,300,300,0,0,0,0,150.00,Default,CELLPHONE ACCESSORIES,1,Default Supplier
HDTV001,72,HDTV CABLE,250,250,0,0,0,0,150.00,Default,COMPUTER ACCESSORIES,2,Default Supplier
UPC,73,UNIVERSEL PHONE CHARGER,50,50,0,0,0,0,17.00,Default,CELLPHONE ACCESSORIES,2,Default Supplier
IPC100,74,IPHONE CABLE 100,100,100,0,0,0,0,30.00,Default,CELLPHONE ACCESSORIES,1,Default Supplier
3IN1,75,3 IN 1 NORMAL CABLE,150,150,0,0,0,0,80.00,Default,CELLPHONE ACCESSORIES,3,Default Supplier
IPCH,76,IPHONE CHARGER WITH CABLE,150,150,0,0,0,0,60.00,Default,CELLPHONE ACCESSORIES,1,Default Supplier
MP3WR,77,MP3 WIRE CAR MODULATOR,70,70,0,0,0,0,35.00,Default,CAR ACCESSORIES,4,Default Supplier
MP3WL,78,MP3 WIRLESS CAR MODULATOR,120,120,0,0,0,0,70.00,Default,CAR ACCESSORIES,4,Default Supplier
CARPHL,79,CAR PHONE HOLDER,150,150,0,0,0,0,80.00,Default,CAR ACCESSORIES,2,Default Supplier
FHL,80,FINGER HOLDER,20,20,0,0,0,0,10.00,Default,CELLPHONE ACCESSORIES,13,Default Supplier
B50,81,CELLPHONE BATTERY 50,50,50,0,0,0,0,10.00,Default,BATTERIES,3,Default Supplier
B150,82,CELLPHONE BATTERY 150,150,150,0,0,0,0,60.00,Default,BATTERIES,24,Default Supplier
B100,83,CELLPHONE BATTERY 100,100,100,0,0,0,0,30.00,Default,BATTERIES,6,Default Supplier
CCA50,84,CAR CHARGER ADAPTOR 50,50,50,0,0,0,0,8.00,Default,CAR ACCESSORIES,4,Default Supplier
CCA100,85,CAR CHARGER ADAPTOR 100,100,100,0,0,0,0,40.00,Default,CAR ACCESSORIES,0,Default Supplier
CCA150,86,CAR CHARGER ADAPTOR 150,150,150,0,0,0,0,80.00,Default,CAR ACCESSORIES,3,Default Supplier
WC 150,87,WIRLESS CHARGER 150,150,150,0,0,0,0,70.00,Default,CELLPHONE ACCESSORIES,0,Default Supplier
WC250,88,WIRLESS CHARGER 250,250,250,0,0,0,0,90.00,Default,CELLPHONE ACCESSORIES,0,Default Supplier
MUC,89,MULTI PORT USB CHARGER,200,200,0,0,0,0,80.00,Default,COMPUTER ACCESSORIES,2,Default Supplier
BTS150,90,BLUETOOTH SPEAKER 150,150,150,0,0,0,0,90.00,Default,COMPUTER ACCESSORIES,2,Default Supplier
BTS200,91,BLUTOOTH SPEAKER 200,200,200,0,0,0,0,100.00,Default,COMPUTER ACCESSORIES,0,Default Supplier
BTS250,92,BLUTOOTH SPEAKER 250,250,250,0,0,0,0,150.00,Default,COMPUTER ACCESSORIES,2,Default Supplier
BTS300,93,BLUTOOTH SPEAKER 300,300,300,0,0,0,0,200.00,Default,COMPUTER ACCESSORIES,1,Default Supplier
S5C,94,S5 CABLE,70,70,0,0,0,0,20.00,Default,CELLPHONE ACCESSORIES,4,Default Supplier
SST,95,SELFIE STICK,75,75,0,0,0,0,40.00,Default,CELLPHONE ACCESSORIES,0,Default Supplier
AUX1.5,96,AUX CABLE 1.5,20,20,0,0,0,0,10.00,Default,COMPUTER ACCESSORIES,6,Default Supplier
AUX3M,97,AUX CABLE 3 METER,30,30,0,0,0,0,18.00,Default,COMPUTER ACCESSORIES,0,Default Supplier
AUX10M,98,AUX CABLE 10 METER,70,70,0,0,0,0,36.00,Default,COMPUTER ACCESSORIES,0,Default Supplier
AUX5M,99,AUX CABLE 5 METER,50,50,0,0,0,0,24.00,Default,COMPUTER ACCESSORIES,0,Default Supplier
FP,100,FOIL PUNCHER,25,25,0,0,0,0,15.00,Default,HOOKAH ACCESSORIES,1,Default Supplier
CLS,101,CLIPPER SMALL,15,15,0,0,0,0,10.00,Default,HOOKAH ACCESSORIES,0,Default Supplier
CLL,102,CLIPPER  LARGE,40,40,0,0,0,0,20.00,Default,HOOKAH ACCESSORIES,5,Default Supplier
CLLR,103,CLIPPER WITH RUBBER,50,50,0,0,0,0,25.00,Default,HOOKAH ACCESSORIES,2,Default Supplier
SLH001,104,SILICON HEAD SMALL,50,50,0,0,0,0,25.00,Default,HOOKAH ACCESSORIES,8,Default Supplier
SLH002,105,SILICON HEAD LARGE,60,60,0,0,0,0,38.00,Default,HOOKAH ACCESSORIES,2,Default Supplier
CEH001,106,CERAMIC HEAD 45,45,45,0,0,0,0,20.00,Default,HOOKAH ACCESSORIES,3,Default Supplier
CEH003,107,CERAMIC HEAD 80,65,65,0,0,0,0,38.00,Default,HOOKAH ACCESSORIES,0,Default Supplier
CEH004,108,CERAMIC HEAD 110,110,110,0,0,0,0,90.00,Default,HOOKAH ACCESSORIES,0,Default Supplier
EGH002,109,EGYPTION HEAD LARGE,60,60,0,0,0,0,25.00,Default,HOOKAH ACCESSORIES,3,Default Supplier
AH,110,AMAREN HEAD,80,80,0,0,0,0,35.00,Default,HOOKAH ACCESSORIES,0,Default Supplier
RUB001,111,SIDE RUBBER SMALL,5,5,0,0,0,0,2.50,Default,HOOKAH ACCESSORIES,6,Default Supplier
RUB002,112,HEAD RUBBER,10,10,0,0,0,0,3.00,Default,HOOKAH ACCESSORIES,10,Default Supplier
RUB003,113,BOTTLE RUBBER MEDIUM,15,15,0,0,0,0,5.00,Default,HOOKAH ACCESSORIES,20,Default Supplier
RUB004,114,BOTTLE RUBBER LARGE,25,25,0,0,0,0,5.00,Default,HOOKAH ACCESSORIES,5,Default Supplier
RUB005,115,STOPPER RUBBER,15,15,0,0,0,0,8.00,Default,HOOKAH ACCESSORIES,1,Default Supplier
MP003,116,MOUTH PIECE,3,3,0,0,0,0,0.80,Default,HOOKAH ACCESSORIES,23,Default Supplier
VB,117,VAPE BATTERY,60,60,0,0,0,0,30.00,Default,HOOKAH ACCESSORIES,1,Default Supplier
HKB001,118,PUMPKIN BOTTLE SMALL,45,45,0,0,0,0,29.00,Default,HOOKAH ACCESSORIES,4,Default Supplier
HKB002,119,HK MEDIUM BOTTLE,90,90,0,0,0,0,40.00,Default,HOOKAH ACCESSORIES,3,Default Supplier
HKB003,120,HK LARGE BOTTLE,150,150,0,0,0,0,95.00,Default,HOOKAH ACCESSORIES,2,Default Supplier
EGB001,121,EGYPTION SMALL BOTTLE,90,90,0,0,0,0,55.00,Default,HOOKAH ACCESSORIES,0,Default Supplier
EGB002,122,EGYPTION MEDIUM BOTTLE,120,120,0,0,0,0,75.00,Default,HOOKAH ACCESSORIES,0,Default Supplier
EGB003,123,EGYPTION LARGE BOTTLE,150,150,0,0,0,0,110.00,Default,HOOKAH ACCESSORIES,3,Default Supplier
WINCO,124,WIND COVER 100,100,100,0,0,0,0,55.00,Default,HOOKAH ACCESSORIES,3,Default Supplier
HKP,125,POUCH HOOKAH,350,350,0,0,0,0,250.00,Default,HOOKAH ACCESSORIES,0,Default Supplier
EGP001,126,EGYPTION PIPE 2 WAY SMALL,400,400,0,0,0,0,240.00,Default,HOOKAH ACCESSORIES,0,Default Supplier
EGP002,127,EGYPTION PIPE 2 WAY MEDIUM,400,400,0,0,0,0,234.00,Default,HOOKAH ACCESSORIES,0,Default Supplier
EGP003,128,EGYPTION PIPE 2 WAY LARGE,700,700,0,0,0,0,420.00,Default,HOOKAH ACCESSORIES,2,Default Supplier
EGP004,129,EGYPTION PIPE 3 WAY MEDIUM,650,650,0,0,0,0,420.00,Default,HOOKAH ACCESSORIES,0,Default Supplier
EGP005,130,EGYPTION PIPE  3 WAY LARGE,800,800,0,0,0,0,590.00,Default,HOOKAH ACCESSORIES,1,Default Supplier
FOFUL,131,FOIL BOX,35,35,0,0,0,0,20.00,Default,HOOKAH ACCESSORIES,2,Default Supplier
LOOSEF,132,LOOSE FOILS 10'S,10,10,0,0,0,0,4.00,Default,HOOKAH ACCESSORIES,3,Default Supplier
CHBU,133,CHARCOL BURNER,470,470,0,0,0,0,380.00,Default,HOOKAH ACCESSORIES,1,Default Supplier
HK2S,134,2 MAN SMALL PIPE,250,250,0,0,0,0,130.00,Default,HOOKAH ACCESSORIES,2,Default Supplier
SILROL,135,SILICON ROLL PIPE 1.5M,60,60,0,0,0,0,45.00,Default,HOOKAH ACCESSORIES,24,Default Supplier
EGH003,136,EGYPTION CLY HEAD,90,90,0,0,0,0,35.00,Default,HOOKAH ACCESSORIES,0,Default Supplier
FLAV001,137,HK FLAVOUR 50g,45,45,37,37,0,0,34.50,Default,HOOKAH ACCESSORIES,344,Default Supplier
USB007,138,USB HUB,150,150,0,0,0,0,55.00,Default,COMPUTER ACCESSORIES,1,Default Supplier
CUBCOS,139,CUBE COAL SMALL BOX,35,35,0,0,0,0,20.00,Default,HOOKAH ACCESSORIES,5,Default Supplier
CUBCOL,140,CUBE COAL BIG BOX,120,120,0,0,0,0,90.00,Default,HOOKAH ACCESSORIES,2,Default Supplier
CEHOV,141,CERAMIC HEAD WITH OVEN,110,110,0,0,0,0,55.00,Default,HOOKAH ACCESSORIES,2,Default Supplier
CEH007,142,GLASS HEAD,80,80,0,0,0,0,55.00,Default,HOOKAH ACCESSORIES,0,Default Supplier
TGM,143,TOBACCO GRINDER MEDIUM,130,130,0,0,0,0,85.00,Default,HOOKAH ACCESSORIES,0,Default Supplier
HKS,144,SIEVE,50,50,0,0,0,0,25.00,Default,HOOKAH ACCESSORIES,6,Default Supplier
PLST001,145,40X40 PLASTIC BAG,10,10,0,0,0,0,5.00,Default,GENERAL ACCESSORIES,13,Default Supplier
PLST002,146,40X60 PLASTIC BAG,30,30,0,0,0,0,15.00,Default,GENERAL ACCESSORIES,4,Default Supplier
AIR001,147,AIR SCREEM BATTERY SET SMALL,200,200,0,0,0,0,167.90,Default,HOOKAH ACCESSORIES,4,Default Supplier
AIR002,148,AIRSCREEM BATTERY SET LARGE,300,300,0,0,0,0,269.10,Default,HOOKAH ACCESSORIES,5,Default Supplier
AIR003,149,AIRSCREEM PRO BATTERY SET,360,360,0,0,0,0,293.25,Default,HOOKAH ACCESSORIES,0,Default Supplier
AIR004,150, PRO REFILLABLE POD 2ML,70,70,0,0,0,0,40.00,Default,HOOKAH ACCESSORIES,11,Default Supplier
AIR005,151,PRO COIL,60,60,0,0,0,0,38.05,Default,HOOKAH ACCESSORIES,7,Default Supplier
AIR006,152,PRO CATRIDGE,50,50,0,0,0,0,33.35,Default,HOOKAH ACCESSORIES,15,Default Supplier
AIR007,153,REFILLABLE POD,60,60,0,0,0,0,34.50,Default,HOOKAH ACCESSORIES,2,Default Supplier
DISPO100,154,DISPOSABLE VAPE 100,100,100,0,0,0,0,78.43,Default,HOOKAH ACCESSORIES,45,Default Supplier
GAM002,155,GAMING KEYBOARD M-888,350,350,0,0,0,0,180.00,Default,COMPUTER ACCESSORIES,0,Default Supplier
ADPT50,156,ADAPTOR 50$,50,50,0,0,0,0,18.00,Default,COMPUTER ACCESSORIES,18,Default Supplier
ADPT100,157,ADAPTOR 100$,100,100,0,0,0,0,60.00,Default,COMPUTER ACCESSORIES,7,Default Supplier
AUXLY30,158,AUXILIARY ADAPTOR 30,30,30,0,0,0,0,10.00,Default,COMPUTER ACCESSORIES,41,Default Supplier
AUXLY50,159,AUXILIARY ADAPTOR 50,50,50,0,0,0,0,20.00,Default,COMPUTER ACCESSORIES,38,Default Supplier
REMO,160,REMOTE,100,100,0,0,0,0,50.00,Default,GENERAL ACCESSORIES,10,Default Supplier
AIRCR,161,AIRCORN REMOTE,150,150,0,0,0,0,65.00,Default,GENERAL ACCESSORIES,3,Default Supplier
GAM001,162,GAMING MOUSE M9,200,200,0,0,0,0,60.00,Default,COMPUTER ACCESSORIES,1,Default Supplier
X360A,163,X-BOX 360 AC ADAPTOR,350,350,0,0,0,0,240.00,Default,GENERAL ACCESSORIES,1,Default Supplier
HDC,164,HARD DRIVE CASE 2.5,250,250,0,0,0,0,100.00,Default,COMPUTER ACCESSORIES,3,Default Supplier
KEYB001,165,FLEXIABLE KEYBOARD,150,150,0,0,0,0,45.00,Default,COMPUTER ACCESSORIES,0,Default Supplier
KEYB002,166,WIRED KEYBOAD,200,200,0,0,0,0,70.00,Default,COMPUTER ACCESSORIES,2,Default Supplier
KEYB003,167,WIRED KEYBOARD & MOUSE,250,250,0,0,0,0,120.00,Default,COMPUTER ACCESSORIES,0,Default Supplier
KEYB004,168,WIRLESS KEYBOARD MOUSE 300,300,300,0,0,0,0,150.00,Default,COMPUTER ACCESSORIES,3,Default Supplier
KEYB005,169,WIRLESS KEYBOARD AND MOUSE 450,450,450,0,0,0,0,280.00,Default,COMPUTER ACCESSORIES,1,Default Supplier
WM001,170,WIRLESS MOUSE,150,150,0,0,0,0,70.00,Default,COMPUTER ACCESSORIES,4,Default Supplier
MC001,171,2GB MEMORY CARD,80,80,0,0,0,0,45.00,Default,COMPUTER ACCESSORIES,4,Default Supplier
MC002,172,4GB MEMORY CARD,125,125,0,0,0,0,60.00,Default,COMPUTER ACCESSORIES,1,Default Supplier
MC003,173,8GB MEMORY CARD,150,150,0,0,0,0,60.00,Default,COMPUTER ACCESSORIES,2,Default Supplier
MC004,174,16GB MEMORY CARD,175,175,0,0,0,0,80.00,Default,COMPUTER ACCESSORIES,5,Default Supplier
MC005,175,32GB MEMORY CARD,200,200,0,0,0,0,90.00,Default,COMPUTER ACCESSORIES,3,Default Supplier
MC006,176,64GB MEMORY CARD,250,250,0,0,0,0,110.00,Default,COMPUTER ACCESSORIES,1,Default Supplier
MC007,177,128GB MEMORY CARD,300,300,0,0,0,0,180.00,Default,COMPUTER ACCESSORIES,1,Default Supplier
MS001,178,2GB MEMORY STICK,80,80,0,0,0,0,40.00,Default,COMPUTER ACCESSORIES,3,Default Supplier
MS002,179,4GB MEMORY STICK,125,125,0,0,0,0,60.00,Default,COMPUTER ACCESSORIES,3,Default Supplier
MS003,180,8GB MEMORY STICK,150,150,0,0,0,0,70.00,Default,COMPUTER ACCESSORIES,4,Default Supplier
MS004,181,16GB MEMORY STICK,175,175,0,0,0,0,80.00,Default,COMPUTER ACCESSORIES,3,Default Supplier
MS005,182,32GB MEMORY STICK,200,200,0,0,0,0,90.00,Default,COMPUTER ACCESSORIES,2,Default Supplier
MS006,183,64GB MEMORY STICK,250,250,0,0,0,0,120.00,Default,COMPUTER ACCESSORIES,2,Default Supplier
MS007,184,128GB MEMORY STICK,300,300,0,0,0,0,190.00,Default,COMPUTER ACCESSORIES,1,Default Supplier
SCAT,185,SOUND CARD ADAPTOR,75,75,0,0,0,0,30.00,Default,COMPUTER ACCESSORIES,3,Default Supplier
HD4K,186,HDMI SPLITTER 4K,250,250,0,0,0,0,250.00,Default,COMPUTER ACCESSORIES,1,Default Supplier
IC001,187,INTERNET CABLE 1.8,40,40,0,0,0,0,25.00,Default,COMPUTER ACCESSORIES,7,Default Supplier
IC002,188,INTERNET CABLE 3M,60,60,0,0,0,0,30.00,Default,COMPUTER ACCESSORIES,0,Default Supplier
IC003,189,INTERNET CABLE 5M,100,100,0,0,0,0,30.00,Default,COMPUTER ACCESSORIES,1,Default Supplier
LAPC001,190,LAPTOP CHARGER 300,300,300,0,0,0,0,150.00,Default,COMPUTER ACCESSORIES,2,Default Supplier
LAPC002,191,LAPTOP CHARGER 400,400,400,0,0,0,0,200.00,Default,COMPUTER ACCESSORIES,5,Default Supplier
UNLAPC001,192,UNIVERSEL LAPTOP CHRGER 250,250,250,0,0,0,0,120.00,Default,COMPUTER ACCESSORIES,4,Default Supplier
UNLAPC002,193,UNIVERSEL LAPTOP CHARGER 350,350,350,0,0,0,0,250.00,Default,COMPUTER ACCESSORIES,3,Default Supplier
HDMI001,194,HDMI CABLE 1.5M,100,100,0,0,0,0,30.00,Default,COMPUTER ACCESSORIES,8,Default Supplier
HDMI003,195,HDMI CABLE 3M,175,175,0,0,0,0,40.00,Default,COMPUTER ACCESSORIES,0,Default Supplier
HDMI004,196,HDMI CABLE 5M,200,200,0,0,0,0,50.00,Default,COMPUTER ACCESSORIES,0,Default Supplier
HDMI006,197,HDMI CABLE 10M,200,200,0,0,0,0,100.00,Default,COMPUTER ACCESSORIES,0,Default Supplier
USB001,198,USB CAMERA CABLE 1.5,70,70,0,0,0,0,25.00,Default,COMPUTER ACCESSORIES,6,Default Supplier
VGA001,199,VGA TO VGA CABLE 1.5M,70,70,0,0,0,0,30.00,Default,COMPUTER ACCESSORIES,6,Default Supplier
VGA002,200,VGA CABLE 1.8M,100,100,0,0,0,0,35.00,Default,COMPUTER ACCESSORIES,0,Default Supplier
USB002,201,USB MALE-FEMALE CABLE,70,70,0,0,0,0,30.00,Default,COMPUTER ACCESSORIES,4,Default Supplier
USB003,202,USB TO AUX CABLE,70,70,0,0,0,0,0.00,Default,COMPUTER ACCESSORIES,0,Default Supplier
USB004,203,USB TO USB CABLE,70,70,0,0,0,0,18.00,Default,COMPUTER ACCESSORIES,1,Default Supplier
PRC001,204,PRINTER CABLE 1.5,70,70,0,0,0,0,18.00,Default,COMPUTER ACCESSORIES,11,Default Supplier
PRC003,205,PRINTER CABLE 3M,120,120,0,0,0,0,60.00,Default,COMPUTER ACCESSORIES,0,Default Supplier
HDDV,206,HDMI TO DVI CABLE 1.5M,150,150,0,0,0,0,75.00,Default,COMPUTER ACCESSORIES,1,Default Supplier
HDVG,207,HDMI TO VGA CABLE 1.5M,200,200,0,0,0,0,120.00,Default,COMPUTER ACCESSORIES,0,Default Supplier
RCA001,208,RCA TO AUX 1.5M,70,70,0,0,0,0,10.00,Default,COMPUTER ACCESSORIES,4,Default Supplier
RCA002,209,RCA TO AUX 5M,120,120,0,0,0,0,60.00,Default,COMPUTER ACCESSORIES,0,Default Supplier
RCA003,210,RCA TO AUX 10M,150,150,0,0,0,0,80.00,Default,COMPUTER ACCESSORIES,0,Default Supplier
RCA004,211,RCA TO RCA 1.5M,70,70,0,0,0,0,12.00,Default,COMPUTER ACCESSORIES,4,Default Supplier
RCA005,212,RCA TO RCA 5M,120,120,0,0,0,0,36.00,Default,COMPUTER ACCESSORIES,2,Default Supplier
RCA006,213,RCA TO RCA 10M,150,150,0,0,0,0,48.00,Default,COMPUTER ACCESSORIES,2,Default Supplier
HDTV002,214,HDTV TO 3RCA  CABLE,150,150,0,0,0,0,75.00,Default,COMPUTER ACCESSORIES,0,Default Supplier
PS3004,215,PSP AV CABLE,70,70,0,0,0,0,30.00,Default,COMPUTER ACCESSORIES,1,Default Supplier
PRC004,216,PRINTER CABLE 5M,120,120,0,0,0,0,65.00,Default,COMPUTER ACCESSORIES,0,Default Supplier
POWC,217,POWER CABLE,100,100,0,0,0,0,40.00,Default,COMPUTER ACCESSORIES,6,Default Supplier
USB005,218,USB MALE-FEMALE CABLE 5M,100,100,0,0,0,0,55.00,Default,COMPUTER ACCESSORIES,0,Default Supplier
ACAP001,219,UNIVERSEL AC ADAPTOR,200,200,0,0,0,0,80.00,Default,GENERAL ACCESSORIES,1,Default Supplier
DVD,220,DVD CD DISC,5,5,0,0,0,0,10.00,Default,COMPUTER ACCESSORIES,32,Default Supplier
MULPLU,221,MULTIPIN PLUG,25,25,0,0,0,0,60.00,Default,GENERAL ACCESSORIES,0,Default Supplier
WM002,222,WIRED MOUSE,80,80,0,0,0,0,40.00,Default,COMPUTER ACCESSORIES,3,Default Supplier
WFD,223,WI-FI DONGLE,150,150,0,0,0,0,150.00,Default,COMPUTER ACCESSORIES,0,Default Supplier
BLDO,224,BLUTOOTH DONGLE,150,150,0,0,0,0,45.00,Default,COMPUTER ACCESSORIES,4,Default Supplier
IC004,225,INTERNET CABLE CONNECTORS,5,5,0,0,0,0,3.00,Default,COMPUTER ACCESSORIES,68,Default Supplier
AUXEXT,226,AUX EXTENSION CABLE 1M,70,70,0,0,0,0,35.00,Default,COMPUTER ACCESSORIES,3,Default Supplier
RCA007,227,3.5 FEMABLE RCA,70,70,0,0,0,0,0.00,Default,GENERAL ACCESSORIES,1,Default Supplier
MCR,228,MEMORY CARD READER,60,60,0,0,0,0,10.00,Default,COMPUTER ACCESSORIES,0,Default Supplier
MCA,229,MEMORY CARD ADAPTOR,20,20,0,0,0,0,10.00,Default,COMPUTER ACCESSORIES,7,Default Supplier
KEYB007,230,MINI KEYBOARD,200,200,0,0,0,0,120.00,Default,COMPUTER ACCESSORIES,0,Default Supplier
GAM003,231,GAMING KEYBOARD & MOUSE M350,300,300,0,0,0,0,150.00,Default,COMPUTER ACCESSORIES,1,Default Supplier
AUX15M,232,AUX CABLE  15 METER,100,100,0,0,0,0,60.00,Default,COMPUTER ACCESSORIES,0,Default Supplier
ACAP002,233,9 VOLT 2AMP ADAPTOR,150,150,0,0,0,0,60.00,Default,GENERAL ACCESSORIES,1,Default Supplier
MIC001,234,FM WIRELESS MICS,350,350,0,0,0,0,250.00,Default,GENERAL ACCESSORIES,0,Default Supplier
HDAD,235,DISPLY TO HDMI ADAPTOR,150,150,0,0,0,0,80.00,Default,COMPUTER ACCESSORIES,0,Default Supplier
PAD,236,MOUSE PC PAD,70,70,0,0,0,0,30.00,Default,COMPUTER ACCESSORIES,2,Default Supplier
V3US,237,V3-USB CABLE,70,70,0,0,0,0,18.00,Default,COMPUTER ACCESSORIES,1,Default Supplier
AUSPL,238,AUDIO SPLITTER,100,100,0,0,0,0,35.00,Default,COMPUTER ACCESSORIES,2,Default Supplier
LAPR,239,LAPTOP RACK,100,100,0,0,0,0,60.00,Default,COMPUTER ACCESSORIES,1,Default Supplier
AIRFMO,240,AIRFLY MOUSE,250,250,0,0,0,0,200.00,Default,COMPUTER ACCESSORIES,1,Default Supplier
USBHD,241,USB TO HDMI ADAPTOR,250,250,0,0,0,0,175.00,Default,COMPUTER ACCESSORIES,0,Default Supplier
RADIO001,242,RADIO 275,275,275,0,0,0,0,200.00,Default,GENERAL ACCESSORIES,1,Default Supplier
CC10,243,CAMERA  CONNECTOR CABLE,10,10,0,0,0,0,5.00,Default,GENERAL ACCESSORIES,0,Default Supplier
SOEX33,244,SOEX 33MM COAL,15,15,13.75,13.75,0,0,10.10,Default,HOOKAH ACCESSORIES,194,Default Supplier
SOEX38,245,SOEX 38MM COAL,20,20,16.25,16.25,0,0,12.12,Default,HOOKAH ACCESSORIES,208,Default Supplier
PURES,246,PURE HEMP SMALL,6,6,0,0,0,0,2.95,Default,HOOKAH ACCESSORIES,30,Default Supplier
PUREL,247,PURE HEMP LARGE,12,12,0,0,0,0,6.65,Default,HOOKAH ACCESSORIES,19,Default Supplier
ZIGS,248,ZIG-ZAG SMALL,6,6,0,0,0,0,3.37,Default,HOOKAH ACCESSORIES,4,Default Supplier
ZIGL,249,ZIG-ZAG LARGE,12,12,0,0,0,0,6.74,Default,HOOKAH ACCESSORIES,21,Default Supplier
RIZS,250,RIZLA SMALL,6,6,0,0,0,0,3.08,Default,HOOKAH ACCESSORIES,6,Default Supplier
RIZL,251,RIZLA LARGE,12,12,0,0,0,0,6.17,Default,HOOKAH ACCESSORIES,29,Default Supplier
GRP,252,GLASS ROLLING PAPER,25,25,0,0,0,0,17.84,Default,HOOKAH ACCESSORIES,5,Default Supplier
BWA,253,BLUNT WRAP ASST,40,40,0,0,0,0,25.96,Default,HOOKAH ACCESSORIES,12,Default Supplier
OCB,254,OCB ROLLING PAPER,25,25,0,0,0,0,19.75,Default,HOOKAH ACCESSORIES,28,Default Supplier
JHW,255,JUICY HEMP WRAPS,20,20,0,0,0,0,9.60,Default,HOOKAH ACCESSORIES,12,Default Supplier
RM001,256,ROLLING MACHIN SMALL,45,45,0,0,0,0,35.54,Default,HOOKAH ACCESSORIES,0,Default Supplier
RM002,257,ROLLING MACHIN BIG,60,60,0,0,0,0,43.00,Default,HOOKAH ACCESSORIES,0,Default Supplier
REFGS,258,REFILL GAS,20,20,0,0,0,0,8.28,Default,HOOKAH ACCESSORIES,8,Default Supplier
CAR001,259,CAR WIRELESS FM TRANSMETER,200,200,0,0,0,0,100.00,Default,CAR ACCESSORIES,1,Default Supplier
CAR002,260,CAR RADIO WITH USB,400,400,0,0,0,0,190.00,Default,CAR ACCESSORIES,2,Default Supplier
CAR003,261,CAR RADIO WITH BLUTOOTH,550,550,0,0,0,0,300.00,Default,CAR ACCESSORIES,3,Default Supplier
CAR004,262,USB & CAR THREE SOCKETS,200,200,0,0,0,0,80.00,Default,CAR ACCESSORIES,0,Default Supplier
CAR005,263,REAR VIEW CAMERA,350,350,0,0,0,0,250.00,Default,CAR ACCESSORIES,1,Default Supplier
SPK001,264,CAR SPEAKER 602 20W,150,150,0,0,0,0,45.00,Default,CAR ACCESSORIES,0,Default Supplier
AMP10G,265,AMPLIFIER WIRING KIT 250,250,250,0,0,0,0,110.00,Default,CAR ACCESSORIES,2,Default Supplier
AMP 8G,266,AMPLIFIER WIRING KIT 350,350,350,0,0,0,0,0.00,Default,CAR ACCESSORIES,1,Default Supplier
AMP 6G,267,AMPLIFIER WIRING KIT 400,400,400,0,0,0,0,180.00,Default,CAR ACCESSORIES,1,Default Supplier
AMP 4G,268,AMPLIFIER WIRING KIT 450,450,450,0,0,0,0,210.00,Default,CAR ACCESSORIES,0,Default Supplier
CAR012,269,WIRLESS RECIVER,150,150,0,0,0,0,30.00,Default,CAR ACCESSORIES,2,Default Supplier
CAR011,270,CAR ATMOSPHER LIGHT,450,450,0,0,0,0,280.00,Default,CAR ACCESSORIES,2,Default Supplier
SPK002,271,PIONEER CAR SPK 4INCH,400,400,0,0,0,0,250.00,Default,CAR ACCESSORIES,2,Default Supplier
SPK003,272,PIONEER CAR SPK 5INCH,550,550,0,0,0,0,300.00,Default,CAR ACCESSORIES,2,Default Supplier
SPK004,273,PIONEER CAR SPK 6INCH,650,650,0,0,0,0,260.00,Default,CAR ACCESSORIES,2,Default Supplier
SPK005,274,PIONEER CAR SPEAKER 6.9INCH,800,800,0,0,0,0,330.00,Default,CAR ACCESSORIES,1,Default Supplier
TWET,275,HIGH EFFICIENCY TWEETER,70,70,0,0,0,0,24.00,Default,CAR ACCESSORIES,4,Default Supplier
OTP5$,276,NEON GAS LIGHTER,5,5,0,0,0,0,2.07,Default,HOOKAH ACCESSORIES,57,Default Supplier
OTP10$,277,GAS LIGHTER,10,10,0,0,0,0,3.26,Default,HOOKAH ACCESSORIES,30,Default Supplier
SUGL,278,SUPER GLUE5g,5,5,0,0,0,0,2.50,Default,GENERAL ACCESSORIES,19,Default Supplier
ACAP004,279,12V 2AMP AC ADAPTOR,150,150,0,0,0,0,60.00,Default,GENERAL ACCESSORIES,11,Default Supplier
ACAP005,280,5V 2AMP AC ADAPTOR,150,150,0,0,0,0,150.00,Default,GENERAL ACCESSORIES,0,Default Supplier
FTVW,281,FLAT TV WALL MOUNT,250,250,0,0,0,0,150.00,Default,GENERAL ACCESSORIES,4,Default Supplier
INCE001,282,INCENSE STICK 15,15,15,0,0,0,0,9.17,Default,GENERAL ACCESSORIES,12,Default Supplier
INCE002,283,INCENSE STICK 20,20,20,0,0,0,0,15.00,Default,GENERAL ACCESSORIES,3,Default Supplier
CAR013,284,CAR SMOKE HUB 12V,100,100,0,0,0,0,45.00,Default,CAR ACCESSORIES,0,Default Supplier
DOMINBIG,285,DOMINOES BIG,75,75,0,0,0,0,50.00,Default,GENERAL ACCESSORIES,6,Default Supplier
TORLIG,286,TORCH LIGHT WITH SOLOR,250,250,0,0,0,0,150.00,Default,GENERAL ACCESSORIES,1,Default Supplier
RADIO002,287,RADIO 350,350,350,0,0,0,0,240.00,Default,GENERAL ACCESSORIES,2,Default Supplier
RADIO003,288,RADIO 100,100,100,0,0,0,0,50.00,Default,GENERAL ACCESSORIES,0,Default Supplier
INSUT,289,INSULATION TAPE,10,10,0,0,0,0,4.00,Default,GENERAL ACCESSORIES,7,Default Supplier
PHO350,290,SMALL PHONE 350,350,350,0,0,0,0,200.00,Default,PHONES,2,Default Supplier
KIBLU,291,KING BLUNT MIX 5's,20,20,0,0,0,0,15.80,Default,HOOKAH ACCESSORIES,0,Default Supplier
WIFCCTV,292,WIFI CAMERA,650,650,0,0,0,0,480.00,Default,COMPUTER ACCESSORIES,1,Default Supplier
SPK007,293,CAR SPEAKER 402,120,120,0,0,0,0,60.00,Default,CAR ACCESSORIES,2,Default Supplier
APOD250,294,AIR POD 250,250,250,0,0,0,0,130.00,Default,CELLPHONE ACCESSORIES,0,Default Supplier
COSPK001,295,COMPUTER SPEAKER,200,200,0,0,0,0,110.00,Default,COMPUTER ACCESSORIES,2,Default Supplier
COSPK002,296,COMPUTER SPEAKER WITH WOOFER,250,250,0,0,0,0,180.00,Default,COMPUTER ACCESSORIES,0,Default Supplier
CASPK001,297,CAR SPEAKER CABLE,12,12,0,0,0,0,3.75,Default,CAR ACCESSORIES,20,Default Supplier
RVM,298,REAR VIEW MIRROR,350,350,0,0,0,0,200.00,Default,CAR ACCESSORIES,1,Default Supplier
INTERADAP,299,INTERNATIONAL ADAPTOR,100,100,0,0,0,0,60.00,Default,GENERAL ACCESSORIES,1,Default Supplier
UNE12V,300,UNIVERSAL 12V ADAPTOR,250,250,0,0,0,0,130.00,Default,COMPUTER ACCESSORIES,0,Default Supplier
OPTCAB,301,OPTICAL CABLE,150,150,0,0,0,0,100.00,Default,COMPUTER ACCESSORIES,0,Default Supplier
DPCAB,302,DISPLY CABLE 1.8M,100,100,0,0,0,0,50.00,Default,COMPUTER ACCESSORIES,0,Default Supplier
WIFIRE,303,WIFI REPEATER,350,350,0,0,0,0,250.00,Default,COMPUTER ACCESSORIES,0,Default Supplier
LIVGA,304,LIGHTING TO VGA,150,150,0,0,0,0,90.00,Default,COMPUTER ACCESSORIES,2,Default Supplier
BTS400,305,BLUTOOTH WIRLESS CHARGER SPK,400,400,0,0,0,0,240.00,Default,COMPUTER ACCESSORIES,1,Default Supplier
VGAV001,306,VGA TO AV CONVERTOR,200,200,0,0,0,0,100.00,Default,COMPUTER ACCESSORIES,1,Default Supplier
AVIVG,307,AVI TO VGA CONVERTOR,200,200,0,0,0,0,100.00,Default,COMPUTER ACCESSORIES,1,Default Supplier
RCAUX,308,RCA  TO AUX 3M,100,100,0,0,0,0,40.00,Default,COMPUTER ACCESSORIES,0,Default Supplier
AIR008,309,AIRPOPS XV  1 USE  15ml,280,280,0,0,0,0,236.00,Default,HOOKAH ACCESSORIES,26,Default Supplier
DPCA,310,DP CABLE,150,150,0,0,0,0,50.00,Default,COMPUTER ACCESSORIES,2,Default Supplier
IC005,311,INTERNET CABLE 10m,120,120,0,0,0,0,60.00,Default,COMPUTER ACCESSORIES,0,Default Supplier
DVIVG,312,DVI TO VGA CABLE 2M,150,150,0,0,0,0,60.00,Default,COMPUTER ACCESSORIES,0,Default Supplier
DPVG,313,DP TO VGA CABLE 1.8M,180,180,0,0,0,0,90.00,Default,COMPUTER ACCESSORIES,2,Default Supplier
DPHD,314,DP TO HDMI CABLE,150,150,0,0,0,0,60.00,Default,COMPUTER ACCESSORIES,1,Default Supplier
NEGA300,315,NEON GAS 300ml,50,50,0,0,0,0,33.64,Default,HOOKAH ACCESSORIES,3,Default Supplier
NEWGA,316,NEWPORT BUTANE GAS 300ml,45,45,0,0,0,0,27.60,Default,HOOKAH ACCESSORIES,1,Default Supplier
POWRA,317,POWER CABLE RADIO,50,50,0,0,0,0,12.00,Default,COMPUTER ACCESSORIES,2,Default Supplier
WTCH,318,WATCH CHARGER,100,100,0,0,0,0,30.00,Default,GENERAL ACCESSORIES,0,Default Supplier
HD2K,319,HDMI SPLITTER 2 WAY,200,200,0,0,0,0,65.00,Default,COMPUTER ACCESSORIES,0,Default Supplier
SW350,320,SMART WATCH 350,350,350,0,0,0,0,220.00,Default,GENERAL ACCESSORIES,0,Default Supplier
SW400,321,SMART WATCH 400,400,400,0,0,0,0,280.00,Default,GENERAL ACCESSORIES,4,Default Supplier
SWCHW,322,SMART WATCH WIRLESS CHARER,250,250,0,0,0,0,150.00,Default,GENERAL ACCESSORIES,3,Default Supplier
MICPHWL,323,MICROPHONE WIRLESS,350,350,0,0,0,0,240.00,Default,GENERAL ACCESSORIES,0,Default Supplier
MICPHWR,324,MICROPHONE WIRED,300,300,0,0,0,0,200.00,Default,GENERAL ACCESSORIES,0,Default Supplier
USBLAN,325,USB LAN 1.O GPS,250,250,0,0,0,0,180.00,Default,COMPUTER ACCESSORIES,1,Default Supplier
SEL360,326,SELFI 360,400,400,0,0,0,0,350.00,Default,CELLPHONE ACCESSORIES,1,Default Supplier
CELMIC,327,CELLPHONE MIC,250,250,0,0,0,0,150.00,Default,CELLPHONE ACCESSORIES,1,Default Supplier
AIR009,328,AIRPOPS PRO LITE,260,260,0,0,0,0,201.25,Default,HOOKAH ACCESSORIES,4,Default Supplier
AIR011,329,AIRPOPS AIREGG KIT,400,400,0,0,0,0,316.25,Default,HOOKAH ACCESSORIES,0,Default Supplier
HDMI007,330,HDMI CABLE 20m,300,300,0,0,0,0,220.00,Default,COMPUTER ACCESSORIES,0,Default Supplier
GL200,331,GLASS PROTECTOR CURVE,200,200,0,0,0,0,80.00,Default,CELLPHONE ACCESSORIES,16,Default Supplier
WECA,332,WEBCAM,300,300,0,0,0,0,140.00,Default,COMPUTER ACCESSORIES,1,Default Supplier
HD4W,333,HDMI SPLITTER 4K 4 WAY,400,400,0,0,0,0,250.00,Default,COMPUTER ACCESSORIES,0,Default Supplier
AMP 8G,334,AMPLIFIER WIRING KIT 350,350,350,0,0,0,0,180.00,Default,CAR ACCESSORIES,2,Default Supplier
MIC003,335,MIC TO AUX CABLE 6.5 TO 3.5,100,100,0,0,0,0,55.00,Default,GENERAL ACCESSORIES,0,Default Supplier
MIC004,336,MIC TO MIC CABLE 6.5 MALE 5M,120,120,0,0,0,0,60.00,Default,GENERAL ACCESSORIES,0,Default Supplier
MIC005,337,MIC TO MIC 6.5 MALE 3M,100,100,0,0,0,0,55.00,Default,GENERAL ACCESSORIES,0,Default Supplier
B200,338,CELLPHONE BATTERY 200,200,200,0,0,0,0,90.00,Default,BATTERIES,33,Default Supplier
ELPL,339,ELCTRIC PLUG,25,25,0,0,0,0,18.00,Default,GENERAL ACCESSORIES,2,Default Supplier
IPHFAS,340,IPHONE ORIGINAL SET 25W,250,250,0,0,0,0,80.00,Default,CELLPHONE ACCESSORIES,3,Default Supplier
PHO300,341,SMALL PHONE 300,280,280,0,0,0,0,220.00,Default,CELLPHONE ACCESSORIES,1,Default Supplier
ALCARE,342,ALL IN CARD READER,150,150,0,0,0,0,80.00,Default,COMPUTER ACCESSORIES,2,Default Supplier
6IN1ADP,343,6 IN 1 ADAPTOR,600,600,0,0,0,0,450.00,Default,COMPUTER ACCESSORIES,1,Default Supplier
INSH15,344,INCENSE STICK HOLDER 15,15,15,0,0,0,0,5.00,Default,GENERAL ACCESSORIES,4,Default Supplier
INSH30,345,INCENSE STICK HOLDER 30,30,30,0,0,0,0,15.00,Default,GENERAL ACCESSORIES,7,Default Supplier
INSH50,346,INCENSE STICK HOLDER 50,50,50,0,0,0,0,25.00,Default,GENERAL ACCESSORIES,8,Default Supplier
INSH75,347,INCENSE STICK HOLDER 75,75,75,0,0,0,0,35.00,Default,GENERAL ACCESSORIES,10,Default Supplier
LT75,348,LITHIUM BATTERY 75,75,75,0,0,0,0,36.00,Default,BATTERIES,0,Default Supplier
LT50,349,LITHIUM BATTERY 50,50,50,0,0,0,0,18.00,Default,BATTERIES,3,Default Supplier
LT25,350,LITHIUM BATTERY 25,25,25,0,0,0,0,18.00,Default,BATTERIES,2,Default Supplier
SPRYFA,351,SPRAY FAN DOUBLE ENDED,450,450,0,0,0,0,290.00,Default,GENERAL ACCESSORIES,1,Default Supplier
COFAN,352,COOLING FAN,300,300,0,0,0,0,140.00,Default,GENERAL ACCESSORIES,1,Default Supplier
APOD600,353,AIR POD 600,600,600,0,0,0,0,480.00,Default,CELLPHONE ACCESSORIES,0,Default Supplier
ACAP006,354,12V 3AMP AC ADAPTOR,150,150,0,0,0,0,70.00,Default,GENERAL ACCESSORIES,1,Default Supplier
PLST003,355,40X40 PLASTIC BAG,15,15,0,0,0,0,5.00,Default,GENERAL ACCESSORIES,0,Default Supplier
BTS600,356,BLUTOOTH SPEAKER 600,600,600,0,0,0,0,350.00,Default,COMPUTER ACCESSORIES,0,Default Supplier
ADPT75,357,CAR CHARGER ADAPTOR 75,75,75,0,0,0,0,30.00,Default,CAR ACCESSORIES,0,Default Supplier
UVH,358,USB+HDMI+VGA ADAPTOR,400,400,0,0,0,0,220.00,Default,COMPUTER ACCESSORIES,0,Default Supplier
EMPNEW,359,EMPTY POD BLOCK,13,13,0,0,0,0,13.00,Default,HOOKAH ACCESSORIES,0,Default Supplier
CAR014,360,CAR RADIO WITH SCREEN,850,850,0,0,0,0,580.00,Default,CAR ACCESSORIES,0,Default Supplier
USRS23,361,USB TO RS232,250,250,0,0,0,0,150.00,Default,COMPUTER ACCESSORIES,0,Default Supplier
CT25W,362,C TYPE CHARGER WITH CABLE 25W,200,200,0,0,0,0,80.00,Default,CELLPHONE ACCESSORIES,4,Default Supplier
IC006,363,INTERNET CABLE 1M,25,25,0,0,0,0,15.00,Default,COMPUTER ACCESSORIES,2,Default Supplier
KEYHO,364,KEY HOLDER,20,20,0,0,0,0,10.00,Default,GENERAL ACCESSORIES,2,Default Supplier
CC002,365,CC TV CAMERA CABLE 4IN1,40,40,0,0,0,0,20.00,Default,GENERAL ACCESSORIES,0,Default Supplier
CALIG3,366,CALIBURN G3 LITE DEVICE,470,470,0,0,0,0,420.00,Default,HOOKAH ACCESSORIES,0,Default Supplier
VOOPOD,367,VOOPOD COIL,90,90,0,0,0,0,70.00,Default,HOOKAH ACCESSORIES,15,Default Supplier
CALIBPOD SM,368,CALIBURN PODS COIL SMALL,80,80,0,0,0,0,40.00,Default,HOOKAH ACCESSORIES,3,Default Supplier
PHMAG,369,PHONE COVER WITH MAGENTIC,150,150,0,0,0,0,70.00,Default,CELLPHONE ACCESSORIES,65,Default Supplier
MOBROU,370,MOBILE WIFI ROUTER,800,800,0,0,0,0,650.00,Default,COMPUTER ACCESSORIES,2,Default Supplier
SMTV001,371,SMART TV BOX 650,650,650,0,0,0,0,450.00,Default,COMPUTER ACCESSORIES,1,Default Supplier
SMTV002,372,SMART TV BOX 900,800,800,0,0,0,0,750.00,Default,COMPUTER ACCESSORIES,1,Default Supplier
SMTV003,373,SMART TV BOX 1200,1200,1200,0,0,0,0,900.00,Default,COMPUTER ACCESSORIES,0,Default Supplier
SMTV004,374,SMART TV BOX 1500,1500,1500,0,0,0,0,1100.00,Default,COMPUTER ACCESSORIES,1,Default Supplier
PHSTA,375,PHONE STAND,120,120,0,0,0,0,60.00,Default,CELLPHONE ACCESSORIES,0,Default Supplier
VAPRESXR4,376,VAPRESSO XROS 4,650,650,0,0,0,0,620.00,Default,HOOKAH ACCESSORIES,0,Default Supplier
PWF,377,POCKET WIFI,800,800,0,0,0,0,650.00,Default,COMPUTER ACCESSORIES,0,Default Supplier
WFD002,378,WIFI DONGLE 600 Mps,200,200,0,0,0,0,120.00,Default,COMPUTER ACCESSORIES,2,Default Supplier
SW600,379,SMART WATCH 600,600,600,0,0,0,0,380.00,Default,GENERAL ACCESSORIES,1,Default Supplier
SW250,380,SMART WATCH 250,250,250,0,0,0,0,120.00,Default,GENERAL ACCESSORIES,0,Default Supplier
AUTOSELF,381,AUTO TRACKING SELFIE,650,650,0,0,0,0,450.00,Default,CELLPHONE ACCESSORIES,1,Default Supplier
CALIA2S,382,CALIBURN A2S DEVICE,450,450,0,0,0,0,400.00,Default,HOOKAH ACCESSORIES,0,Default Supplier
AUDCOV,383,AUDIO CONVERTOR OPTICAL,300,300,0,0,0,0,150.00,Default,COMPUTER ACCESSORIES,2,Default Supplier
BTS450,384,BLUTOOTH CHARGER SPEAKER,450,450,0,0,0,0,300.00,Default,GENERAL ACCESSORIES,0,Default Supplier
IC008,385,INTERNET CABLE 20M,200,200,0,0,0,0,120.00,Default,COMPUTER ACCESSORIES,1,Default Supplier
BTS650,386,BLUTOOTH SPEAKER 650,650,650,0,0,0,0,450.00,Default,COMPUTER ACCESSORIES,1,Default Supplier
SOLFAN,387,SOLOR FAN,400,400,0,0,0,0,260.00,Default,GENERAL ACCESSORIES,1,Default Supplier
HDMI008,388,HDMI CABLE 15M,250,250,0,0,0,0,180.00,Default,COMPUTER ACCESSORIES,0,Default Supplier
SWHYB06,389,SINGLE WIRLESS HEAD SET YBO6,250,250,0,0,0,0,190.00,Default,CELLPHONE ACCESSORIES,1,Default Supplier
WSHK67,390,WIRELESS STEREO HEADSET K67,400,400,0,0,0,0,300.00,Default,COMPUTER ACCESSORIES,1,Default Supplier
INTSW,391,INTERNET SWITHCH EXTENDER,350,350,0,0,0,0,240.00,Default,COMPUTER ACCESSORIES,2,Default Supplier
LAP004,392,LAPTOP CHARGER 450,450,450,0,0,0,0,250.00,Default,COMPUTER ACCESSORIES,1,Default Supplier
PHO250,393,SMALL PHONE 250,250,250,0,0,0,0,180.00,Default,PHONES,0,Default Supplier
CADP65W,394,C TYPE CHARGER ADAPTOR 65W,250,250,0,0,0,0,200.00,Default,CELLPHONE ACCESSORIES,1,Default Supplier
BLUMOU,395,BLUTOOTH MOUSE,200,200,0,0,0,0,80.00,Default,COMPUTER ACCESSORIES,2,Default Supplier
PC200,396,PC CONTROOLLER,200,200,0,0,0,0,120.00,Default,COMPUTER ACCESSORIES,2,Default Supplier
VMK-AY49,397,VIDEO MAKING KIT,250,250,0,0,0,0,120.00,Default,COMPUTER ACCESSORIES,0,Default Supplier
BTS500,398,BLUTOOTH SPEAKER 500,500,500,0,0,0,0,330.00,Default,COMPUTER ACCESSORIES,0,Default Supplier
IC009,399,INTERNET CABLE 15M,150,150,0,0,0,0,90.00,Default,COMPUTER ACCESSORIES,1,Default Supplier
HP350,400,HEAD PHONE 350,350,350,0,0,0,0,220.00,Default,COMPUTER ACCESSORIES,2,Default Supplier
HDCA,401,HDMI VIDEO CAPTURE,350,350,0,0,0,0,250.00,Default,COMPUTER ACCESSORIES,1,Default Supplier
WCS,402,WIRELESS CAR STEREO,3000,3000,0,0,0,0,2200.00,Default,CAR ACCESSORIES,1,Default Supplier
3OTG,403,3 IN OTG,200,200,0,0,0,0,200.00,Default,COMPUTER ACCESSORIES,6,Default Supplier
VAPPOD,404,VAPPRESSO POD,80,80,0,0,0,0,40.00,Default,HOOKAH ACCESSORIES,3,Default Supplier
OTG200,405,OTG CABLE 200,200,200,0,0,0,0,120.00,Default,CELLPHONE ACCESSORIES,2,Default Supplier
GAMC,406,GAME CONTROLLER CLIP,50,50,0,0,0,0,12.00,Default,COMPUTER ACCESSORIES,3,Default Supplier
SMSOLPO,407,SMOKE SOLUS POD,80,80,0,0,0,0,80.00,Default,HOOKAH ACCESSORIES,0,Default Supplier
CALIPODLA,408,CALIBURN COIL LARGE,110,110,0,0,0,0,90.00,Default,HOOKAH ACCESSORIES,-2,Default Supplier
DA4IN1,409,DATA 4 IN 1 CABLE,100,100,0,0,0,0,25.00,Default,CELLPHONE ACCESSORIES,4,Default Supplier
CLTOBA,410,CLASSIC TOBA,290,290,270,270,260,260,234.37,Default,HOOKAH ACCESSORIES,0,Default Supplier
WETOB,411,WEST TOBA,290,290,270,270,260,260,234.37,Default,HOOKAH ACCESSORIES,0,Default Supplier
POLMIN,412,POLOR MINT,290,290,270,270,260,260,234.37,Default,HOOKAH ACCESSORIES,3,Default Supplier
REAPP,413,RED APPLE,290,290,270,270,260,260,234.37,Default,HOOKAH ACCESSORIES,4,Default Supplier
BANICE,414,BANANA ICE,290,290,270,270,260,260,234.37,Default,HOOKAH ACCESSORIES,4,Default Supplier
BLUSANG,415,BLUE BERRY SANGERIA,290,290,270,270,260,260,234.37,Default,HOOKAH ACCESSORIES,4,Default Supplier
GUAV,416,GUAVA,290,290,270,270,260,260,234.37,Default,HOOKAH ACCESSORIES,4,Default Supplier
VITOB,417,VIRGIN TOBA,290,290,270,270,260,260,234.37,Default,HOOKAH ACCESSORIES,0,Default Supplier
BUBGUM,418,BUBBLE GUM,290,290,270,270,260,260,234.47,Default,HOOKAH ACCESSORIES,3,Default Supplier
FRUFU,419,FRUIT FUSION,290,290,270,270,260,260,234.47,Default,HOOKAH ACCESSORIES,5,Default Supplier
FREGRA,420,FREEZY GRAPE,290,290,270,270,260,260,234.47,Default,HOOKAH ACCESSORIES,3,Default Supplier
KYOGRA,421,KYOHO GRAPE,290,290,270,270,260,260,234.47,Default,HOOKAH ACCESSORIES,4,Default Supplier
LYRASB,422,LYCHEE RASBERRY,290,290,270,270,260,260,234.37,Default,HOOKAH ACCESSORIES,3,Default Supplier
MANLICIO,423,MANGOLICIOUS,290,290,270,270,260,260,234.37,Default,HOOKAH ACCESSORIES,7,Default Supplier
MENTO,424,MENTHOL,290,290,270,270,260,260,234.37,Default,HOOKAH ACCESSORIES,5,Default Supplier
OCE11,425,OCEAN 11,290,290,270,270,260,260,234.37,Default,HOOKAH ACCESSORIES,4,Default Supplier
PICRYST,426,PINK CRYSTAL,290,290,270,270,260,260,234.37,Default,HOOKAH ACCESSORIES,7,Default Supplier
PEAIC,427,PEACH ICE,290,290,270,270,260,260,234.37,Default,HOOKAH ACCESSORIES,7,Default Supplier
STRYOG,428,STRAWBERRY YOGURT,290,290,270,270,260,260,234.37,Default,HOOKAH ACCESSORIES,4,Default Supplier
SOUPOL,429,SOUTH POLE,290,290,270,270,260,260,234.37,Default,HOOKAH ACCESSORIES,6,Default Supplier
ICWATME,430,ICE WATERMELON,290,290,270,270,260,260,234.37,Default,HOOKAH ACCESSORIES,1,Default Supplier
ZESLEM,431,ZESTY LEMON,290,290,270,270,260,260,234.37,Default,HOOKAH ACCESSORIES,6,Default Supplier
ICCOL,432,ICE COLA,290,290,270,270,260,260,234.37,Default,HOOKAH ACCESSORIES,2,Default Supplier
SPEMIN,433,SPEAR MINT,290,290,270,270,260,260,234.37,Default,HOOKAH ACCESSORIES,4,Default Supplier
,,,,,,,,,,,,,
,,,,,,,,,,,,,
,,,,,,,,,,,,,
,,,,,,,,,,,,,
,,,,,,,,,,,,,
,,,,,,,,,,,,,
,,,,,,,,,,,,,
,,,,,,,,,,,,,
,,,,,,,,,,,,,
,,,,,,,,,,,,,
,,,,,,,,,,,,,
,,,,,,,,,,,,,
,,,,,,,,,,,,,
,,,,,,,,,,,,,
,,,,,,,,,,,,,
,,,,,,,,,,,,,
,,,,,,,,,,,,,
,,,,,,,,,,,,,
,,,,,,,,,,,,,
,,,,,,,,,,,,,
,,,,,,,,,,,,,
,,,,,,,,,,,,,
,,,,,,,,,,,,,
,,,,,,,,,,,,,
,,,,,,,,,,,,,
,,,,,,,,,,,,,
,,,,,,,,,,,,,
,,,,,,,,,,,,,
,,,,,,,,,,,,,
,,,,,,,,,,,,,
,,,,,,,,,,,,,
,,,,,,,,,,,,,
,,,,,,,,,,,,,
,,,,,,,,,,,,,
,,,,,,,,,,,,,
,,,,,,,,,,,,,
,,,,,,,,,,,,,
,,,,,,,,,,,,,
,,,,,,,,,,,,,
,,,,,,,,,,,,,
,,,,,,,,,,,,,
,,,,,,,,,,,,,
,,,,,,,,,,,,,
,,,,,,,,,,,,,
,,,,,,,,,,,,,
,,,,,,,,,,,,,
,,,,,,,,,,,,,
,,,,,,,,,,,,,
,,,,,,,,,,,,,
,,,,,,,,,,,,,
,,,,,,,,,,,,,
,,,,,,,,,,,,,
,,,,,,,,,,,,,
,,,,,,,,,,,,,
,,,,,,,,,,,,,
,,,,,,,,,,,,,
